Workbook

Sheet Sales Calculator
A1: NOCO Commercial Insulation Savings Sales Calculator | H1: Helper | I1: Value
H2: Heating Load Saved Btu/yr | I2: =E19*I13*E20*24*E22*Assumptions!$W$8 -> 30066178
H3: Cooling Load Saved Btu/yr | I3: =E19*I13*E21*24*E22*Assumptions!$W$9 -> 2412718
A4: SALES INPUTS (IN ORANGE) | D4: ESTIMATED ANNUAL SAVINGS | H4: Heating Input Btu Saved/yr | I4: =IF(OR(E23="None",B16<=0),0,I2/B16) -> 30066178
A5: Project / Customer | D5: Heating Energy Savings | E5: =IF(E23="Natural Gas",I6,IF(E23="Electric",I5,IF(E23="Propane",I7,IF(E23="Fuel Oil",I8,IF(E23="District",I9,0))))) -> 8811.8928 | F5: Therms/yr, kWh/yr, gal/yr, or MMBtu/yr | H5: Heating kWh Saved/yr | I5: =IF(E23="Electric",I2/(Assumptions!$W$2*B16),0) -> 8811.8928
A6: Location | B6: Buffalo, NY | D6: Cooling Energy Savings | E6: =I10 -> 235.70907 | F6: kWh/yr | H6: Heating Therms Saved/yr | I6: =IF(E23="Natural Gas",I4/Assumptions!$W$3,0) -> 0
A7: Building / Operating Profile | B7: Office / School / Daytime Commercial | D7: Total Electric Savings | E7: =I5+I10 -> 9047.6018 | F7: kWh/yr | H7: Heating Propane gal Saved/yr | I7: =IF(E23="Propane",I4/Assumptions!$W$4,0) -> 0
A8: Building Square Footage (sq ft) | B8: 10000 | D8: Annual Site Energy Savings | E8: =(I4+I10*Assumptions!$W$2)/Assumptions!$W$6 -> 30.870417 | F8: MMBtu/yr | H8: Heating Oil gal Saved/yr | I8: =IF(E23="Fuel Oil",I4/Assumptions!$W$5,0) -> 0
A9: Incentive Program | B9: National Grid - Commercial Weatherization | D9: Annual Energy Cost Savings | E9: =I11+I12 -> 1447.6163 | F9: $/yr | H9: Heating District MMBtu Saved/yr | I9: =IF(E23="District",I4/Assumptions!$W$6,0) -> 0
A10: National Grid DAC? (if applicable) | B10: No | D10: Estimated Incentive | E10: =IF(B9="None",0,IF(B9="National Grid - Multifamily Wall Insulation",E8*150,IF(B9="National Grid - Commercial Weatherization",IF(E23="Natural Gas",MIN(I13*I14,250000),IF(E23="Electric",MIN(I13*I14,150000),0)),I13*I14))) -> 15600 | F10: $ | H10: Cooling kWh Saved/yr | I10: =IF(OR(B17="No Cooling",B18<=0),0,I3/(Assumptions!$W$2*B18)) -> 235.70907
A11: Number of Floors | B11: 1 | D11: Simple 10-Year Energy Value | E11: =E9*10 -> 14476.163 | F11: $ | H11: Heating $ Saved/yr | I11: =IF(E23="Natural Gas",I6*B19,IF(E23="Electric",I5*B20,IF(E23="Propane",I7*B21,IF(E23="Fuel Oil",I8*B22,IF(E23="District",I9*B23,0))))) -> 1409.9028
A12: Building Shape | B12: Very Long / Narrow | H12: Cooling $ Saved/yr | I12: =I10*B20 -> 37.713451
A13: Existing Insulation | B13: R-11 | H13: Insulated Area Used (sq ft) | I13: =IF(B29>0,B29,I24*I26) -> 3900
A14: Proposed Insulation | B14: R-49 | D14: CALCULATION SUMMARY | H14: Incentive Rate Applied | I14: =IF(B9="None",0,IF(B9="NYSEG/RG&E - C&I",0.8,IF(B9="NYSEG/RG&E - Small Business",1.25,IF(B9="National Grid - Multifamily Wall Insulation",150,IF(B9="National Grid - Commercial Weatherization",IF(E23="Natural Gas",I16,IF(E23="Electric",I17,0)),0))))) -> 4
A15: Heating System | B15: Electric Resistance | D15: Existing Effective R | E15: =IF(B13="Custom",B30,VLOOKUP(B13,Assumptions!$E$2:$F$15,2,FALSE)) -> 11 | H15: Delta R | I15: =MAX(0,E16-E15) -> 38
A16: Heating Efficiency / COP | B16: =IF(B15="Custom",0.85,VLOOKUP(B15,Assumptions!$I$2:$K$12,3,FALSE)) -> 1 | D16: Proposed Effective R | E16: =IF(B14="Custom",B31,VLOOKUP(B14,Assumptions!$E$2:$F$15,2,FALSE)) -> 49 | H16: NG Gas Rate | I16: =IF(OR(I15<4,I15>60),0,IF(I15<11,IF(B10="Yes",1.15,0.15),IF(I15<21,IF(B10="Yes",2.5,1.5),IF(I15<31,IF(B10="Yes",2.75,1.75),IF(I15<41,IF(B10="Yes",2.9,1.9),IF(B10="Yes",3,2)))))) -> 1.9
A17: Cooling System | B17: Packaged Rooftop Unit | D17: Existing U-Factor | E17: =IFERROR(1/E15,0) -> 0.090909091 | F17: Btu/hr-ft²-°F | H17: NG Electric Rate | I17: =IF(I15<4,0,IF(I15<11,IF(B10="Yes",3,2),IF(I15<21,IF(B10="Yes",4,3),IF(B10="Yes",5,4)))) -> 4
A18: Cooling COP | B18: =IF(B17="Custom",3,VLOOKUP(B17,Assumptions!$N$2:$O$8,2,FALSE)) -> 3 | D18: Proposed U-Factor | E18: =IFERROR(1/E16,0) -> 0.020408163 | F18: Btu/hr-ft²-°F | H18: Building Footprint (sq ft) | I18: =IF(B11>0,B8/B11,0) -> 10000
A19: Natural Gas Price ($/therm) | B19: 1.2 | D19: ΔU | E19: =MAX(0,E17-E18) -> 0.070500928 | F19: Btu/hr-ft²-°F | H19: Base Perimeter (ft) | I19: =IF(I18>0,2*(SQRT(I18*VLOOKUP(B12,Assumptions!$AJ$2:$AL$9,2,FALSE))+SQRT(I18/VLOOKUP(B12,Assumptions!$AJ$2:$AL$9,2,FALSE))),0) -> 500
A20: Electricity Price ($/kWh) | B20: 0.16 | D20: HDD Used | E20: =IF(B6="Custom",B26,VLOOKUP(B6,Assumptions!$A$2:$C$9,2,FALSE)) -> 6750 | F20: °F-days | H20: Shape Perimeter Multiplier | I20: =VLOOKUP(B12,Assumptions!$AJ$2:$AL$9,3,FALSE) -> 1
A21: Propane Price ($/gal) | B21: 2.8 | D21: CDD Used | E21: =IF(B6="Custom",B27,VLOOKUP(B6,Assumptions!$A$2:$C$9,3,FALSE)) -> 650 | F21: °F-days | H21: Estimated Perimeter (ft) | I21: =I19*I20 -> 500
A22: Fuel Oil Price ($/gal) | B22: 3.4 | D22: Operating Load Factor | E22: =IF(B7="Custom",B28,VLOOKUP(B7,Assumptions!$Y$2:$Z$7,2,FALSE)) -> 0.75 | H22: Floor Height Used (ft) | I22: =IF(B32>0,B32,IF(B7="Custom",12,VLOOKUP(B7,Assumptions!$Y$2:$AB$7,3,FALSE))) -> 12
A23: District Energy Price ($/MMBtu) | B23: 18 | D23: Heating Fuel | E23: =IF(B15="Custom","Custom",VLOOKUP(B15,Assumptions!$I$2:$J$12,2,FALSE)) -> Electric | H23: Exposed Exterior Wall % | I23: =IF(B34>0,B34,1) -> 1
D24: Building Footprint | E24: =I18 -> 10000 | F24: sq ft | H24: Gross Exposed Wall Area | I24: =I21*I22*B11*I23 -> 6000
A25: OPTIONAL OVERRIDES / ADVANCED INPUTS | D25: Estimated Perimeter | E25: =I21 -> 500 | F25: ft | H25: Window/Door % Used | I25: =IF(B33>0,B33,IF(B7="Custom",0.2,VLOOKUP(B7,Assumptions!$Y$2:$AB$7,4,FALSE))) -> 0.35
A26: Custom HDD (only used if Location = Custom) | B26: 6500 | D26: Floor Height Used | E26: =I22 -> 12 | F26: ft / floor | H26: Net Opaque Wall Factor | I26: =MAX(0,1-I25) -> 0.65
A27: Custom CDD (only used if Location = Custom) | B27: 700 | D27: Gross Exposed Wall Area | E27: =I24 -> 6000 | F27: sq ft
A28: Custom Operating Load Factor (only if Profile = Custom) | B28: 1 | D28: Window / Door Deduction | E28: =I25 -> 0.35 | F28: %
A29: Actual Insulated Area Override (sq ft, optional) | B29: 0 | D29: Estimated Insulated Wall Area | E29: =I24*I26 -> 3900 | F29: sq ft
A30: Custom Existing R-Value (only if Existing Insulation = Custom) | B30: 0 | D30: Insulated Area Used | E30: =I13 -> 3900 | F30: sq ft
A31: Custom Proposed R-Value (only if Proposed Insulation = Custom) | B31: 0 | D31: Building Shape | E31: =B12 -> Very Long / Narrow
A32: Average Floor Height Override (ft, optional) | B32: 0 | D32: Incentive Program | E32: =B9 -> National Grid - Commercial Weatherization
A33: Window/Door Area Override (% of exterior walls, optional) | B33: 0 | D33: Incentive Rate Applied | E33: =I14 -> 4 | F33: $/sq ft (or $150/Annual MMBtu for Multifamily)
A34: Exposed Exterior Wall Override (% of perimeter, optional) | B34: 1

Sheet Assumptions
A1: Location | B1: HDD | C1: CDD | E1: Insulation / Assembly Preset | F1: R-Value | G1: Typical Use | I1: Heating System | J1: Fuel | K1: Default Efficiency/COP | L1: Input Unit | N1: Cooling System | O1: Default COP | P1: Notes | R1: Energy Source | S1: Default Price | T1: Unit | V1: Constant / Program Input | W1: Value | Y1: Building / Operating Profile | Z1: Load Factor | AA1: Typical Floor Height (ft) | AB1: Typical Window/Door % | AD1: Incentive Program | AE1: Heating Basis / Tier | AF1: Standard Rate | AG1: DAC Rate | AH1: Unit | AJ1: Building Shape | AK1: Aspect Ratio | AL1: Perimeter Multiplier
A2: Buffalo, NY | B2: 6750 | C2: 650 | E2: Uninsulated masonry / concrete | F2: 2 | G2: Existing wall | I2: Natural Gas Furnace - Standard | J2: Natural Gas | K2: 0.8 | L2: Therms | N2: No Cooling | O2: 0 | P2: No cooling savings calculated | R2: Natural Gas | S2: 1.2 | T2: $/therm | V2: Btu per kWh | W2: 3412 | Y2: 24/7 / Multifamily / Hospitality | Z2: 1 | AA2: 10 | AB2: 0.25 | AD2: NYSEG/RG&E - C&I | AE2: Catalog-provided screening rate | AF2: 0.8 | AH2: $/sq ft | AJ2: Square / Compact | AK2: 1 | AL2: 1
A3: Rochester, NY | B3: 6500 | C3: 700 | E3: Uninsulated wood-frame cavity | F3: 4 | G3: Existing wall | I3: Natural Gas Furnace - High Efficiency | J3: Natural Gas | K3: 0.95 | L3: Therms | N3: Packaged Rooftop Unit | O3: 3 | P3: Screening COP | R3: Electricity | S3: 0.16 | T3: $/kWh | V3: Btu per therm | W3: 100000 | Y3: Office / School / Daytime Commercial | Z3: 0.75 | AA3: 12 | AB3: 0.35 | AD3: NYSEG/RG&E - Small Business | AE3: Catalog-provided screening rate | AF3: 1.25 | AH3: $/sq ft | AJ3: Typical Rectangle | AK3: 1.5 | AL3: 1
A4: Syracuse, NY | B4: 6650 | C4: 700 | E4: Minimal insulation | F4: 7 | G4: Existing wall/roof | I4: Natural Gas Boiler - Standard | J4: Natural Gas | K4: 0.82 | L4: Therms | N4: Split System / DX | O4: 3.2 | P4: Screening COP | R4: Propane | S4: 2.8 | T4: $/gal | V4: Btu per gallon propane | W4: 91500 | Y4: Retail / Restaurant - Extended Hours | Z4: 0.85 | AA4: 14 | AB4: 0.3 | AD4: National Grid - Commercial Weatherization | AE4: Gas ΔR 4-10.999 | AF4: 0.15 | AG4: 1.15 | AH4: $/sq ft | AJ4: Long Rectangle | AK4: 2.5 | AL4: 1
A5: Binghamton, NY | B5: 6800 | C5: 600 | E5: R-11 | F5: 11 | G5: Wall / older cavity | I5: Natural Gas Boiler - Condensing | J5: Natural Gas | K5: 0.94 | L5: Therms | N5: Air-Cooled Chiller | O5: 3.5 | P5: Screening COP | R5: Fuel Oil | S5: 3.4 | T5: $/gal | V5: Btu per gallon fuel oil | W5: 138500 | Y5: Warehouse / Light Industrial | Z5: 0.65 | AA5: 20 | AB5: 0.08 | AD5: National Grid - Commercial Weatherization | AE5: Gas ΔR 11-20.999 | AF5: 1.5 | AG5: 2.5 | AH5: $/sq ft | AJ5: Very Long / Narrow | AK5: 4 | AL5: 1
A6: Watertown, NY | B6: 7200 | C6: 500 | E6: R-13 | F6: 13 | G6: Wall | I6: Propane Furnace/Boiler | J6: Propane | K6: 0.85 | L6: Gallons | N6: Water-Cooled Chiller | O6: 5.5 | P6: Screening COP | R6: District | S6: 18 | T6: $/MMBtu | V6: Btu per MMBtu | W6: 1000000 | Y6: Intermittent / Seasonal | Z6: 0.5 | AA6: 12 | AB6: 0.2 | AD6: National Grid - Commercial Weatherization | AE6: Gas ΔR 21-30.999 | AF6: 1.75 | AG6: 2.75 | AH6: $/sq ft | AJ6: L-Shaped | AK6: 1.5 | AL6: 1.15
A7: Albany, NY | B7: 6500 | C7: 850 | E7: R-15 | F7: 15 | G7: Wall | I7: Fuel Oil Boiler/Furnace | J7: Fuel Oil | K7: 0.82 | L7: Gallons | N7: Heat Pump Cooling | O7: 3.5 | P7: Screening COP | V7: Multifamily incentive $/annual MMBtu | W7: 150 | Y7: Custom | Z7: 1 | AA7: 12 | AB7: 0.2 | AD7: National Grid - Commercial Weatherization | AE7: Gas ΔR 31-40.999 | AF7: 1.9 | AG7: 2.9 | AH7: $/sq ft | AJ7: U / C-Shaped | AK7: 1.5 | AL7: 1.3
A8: Plattsburgh, NY | B8: 7600 | C8: 450 | E8: R-19 | F8: 19 | G8: Wall / floor / roof | I8: Electric Resistance | J8: Electric | K8: 1 | L8: kWh | N8: Custom | O8: 3 | P8: Enter custom COP | V8: Heating realization factor | W8: 0.9 | AD8: National Grid - Commercial Weatherization | AE8: Gas ΔR 41-60 | AF8: 2 | AG8: 3 | AH8: $/sq ft | AJ8: Courtyard / Donut | AK8: 1.5 | AL8: 1.45
A9: Custom | B9: 6500 | C9: 700 | E9: R-21 | F9: 21 | G9: Wall | I9: Air-Source Heat Pump | J9: Electric | K9: 3 | L9: kWh | V9: Cooling realization factor | W9: 0.75 | AD9: National Grid - Commercial Weatherization | AE9: Electric wall ΔR 4-10.999 / 11-20.999 / ≥21 | AF9: 2 / 3 / 4 | AG9: 3 / 4 / 5 | AH9: $/sq ft | AJ9: Irregular / Multi-Wing | AK9: 1.5 | AL9: 1.5
E10: R-25 | F10: 25 | G10: Wall / roof | I10: Ground-Source Heat Pump | J10: Electric | K10: 4 | L10: kWh | V10: Opaque Wall Factor | W10: 0.8 | AD10: National Grid - Multifamily Wall Insulation | AE10: Annual MMBtu saved | AF10: 150 | AH10: $/Annual MMBtu
E11: R-30 | F11: 30 | G11: Roof / ceiling | I11: District Steam / Hot Water | J11: District | K11: 0.9 | L11: MMBtu | V11: Opaque Wall Assumption | W11: Assumes ~20% of exterior wall area is windows/doors
E12: R-38 | F12: 38 | G12: Roof / ceiling | I12: No Heating | J12: None | K12: 1 | L12: None | V12: Geometry Method | W12: GFA ÷ floors = footprint; shape estimates perimeter; perimeter × total building height × opaque factor = estimated insulated wall area
E13: R-49 | F13: 49 | G13: Roof / ceiling
E14: R-60 | F14: 60 | G14: Roof / ceiling
E15: Custom | F15: 0 | G15: Enter custom R-value in calculator
